{
    "1682692538.9141767": {
        "left": 1,
        "right": 0
    },
    "1682885729.9978342": {
        "left": 1,
        "right": 0
    },
    "1682885742.0127366": {
        "left": 0,
        "right": 1
    },
    "1682885751.7298462": {
        "left": 1,
        "right": 0
    },
    "1683294684.5671494": {
        "left": 0,
        "right": 1
    }
}